{"meta": {"version": "7.2.1", "timestamp": "2023-03-09T11:56:36.152551", "branch_coverage": true, "show_contexts": false}, "files": {"stack1.py": {"executed_lines": [1, 6, 7, 8, 9, 11, 12, 14, 15, 16, 19, 20, 23, 24, 26, 28, 29, 30, 32, 34, 35, 36, 38, 39, 40, 42, 44, 45, 46, 47, 48, 50, 51, 53, 55, 57, 58, 61, 62, 63, 66, 67, 69, 70, 72, 73, 76, 78, 93, 94, 102, 104, 106, 107, 109, 117, 118, 121, 123, 124, 126, 127, 130, 133], "summary": {"covered_lines": 62, "num_statements": 66, "percent_covered": 93.33333333333333, "percent_covered_display": "93", "missing_lines": 4, "excluded_lines": 0, "num_branches": 24, "num_partial_branches": 2, "covered_branches": 22, "missing_branches": 2}, "missing_lines": [110, 113, 114, 131], "excluded_lines": [], "executed_branches": [[15, 16], [15, 19], [29, 30], [29, 32], [39, 40], [39, 42], [55, 57], [55, 72], [57, 58], [57, 61], [61, 55], [61, 62], [66, 55], [66, 67], [72, 73], [72, 76], [94, 94], [94, 102], [104, 106], [104, 130], [106, 107], [106, 121], [130, 133]], "missing_branches": [[94, -94], [130, 131]]}}, "totals": {"covered_lines": 62, "num_statements": 66, "percent_covered": 93.33333333333333, "percent_covered_display": "93", "missing_lines": 4, "excluded_lines": 0, "num_branches": 24, "num_partial_branches": 2, "covered_branches": 22, "missing_branches": 2}}