"TargetModule","Coverage"
"queue2","0.9152542372881356"
"queue2","0.9152542372881356"
"queue2","0.9152542372881356"
"queue2","0.847457627118644"
"queue2","0.7627118644067796"
