"TargetModule","Coverage"
"linkedList4","0.9722222222222222"
"linkedList4","0.9722222222222222"
"linkedList4","0.9722222222222222"
"linkedList4","0.9722222222222222"
"linkedList4","0.9444444444444444"
