{"meta": {"version": "7.2.1", "timestamp": "2023-03-09T11:56:18.458931", "branch_coverage": true, "show_contexts": false}, "files": {"binarySearchTree2.py": {"executed_lines": [1, 3, 5, 7, 8, 9, 10, 11, 13, 14, 15, 16, 18, 19, 20, 21, 22, 23, 25, 27, 28, 29, 30, 31, 33, 34, 35, 36, 37, 39, 41, 43, 45, 46, 47, 48, 49, 51, 52, 54, 56, 57, 59, 62, 64, 66, 67, 68, 69, 72, 73, 75, 77, 78, 86, 89, 90, 92, 93, 97, 98, 99, 100, 113, 115, 116, 118, 120, 122, 124, 125, 127, 129, 131, 132, 136, 138, 139, 141, 143, 144, 145, 146, 147, 148, 150, 151, 152, 153, 154, 156, 162, 163, 164, 165, 166, 167, 168, 169, 173, 174, 176, 183, 186], "summary": {"covered_lines": 103, "num_statements": 135, "percent_covered": 76.71957671957672, "percent_covered_display": "77", "missing_lines": 32, "excluded_lines": 0, "num_branches": 54, "num_partial_branches": 6, "covered_branches": 42, "missing_branches": 12}, "missing_lines": [60, 79, 81, 82, 84, 87, 102, 103, 104, 105, 107, 109, 111, 157, 158, 159, 160, 170, 171, 188, 190, 191, 192, 198, 199, 200, 201, 202, 203, 204, 205, 206], "excluded_lines": [], "executed_branches": [[19, 20], [19, 21], [21, 22], [21, 25], [28, 29], [28, 34], [29, 30], [29, 33], [34, 35], [35, 36], [35, 39], [46, 47], [46, 48], [48, 49], [48, 51], [51, 52], [51, 54], [59, 62], [66, 67], [66, 75], [67, 68], [67, 72], [86, 89], [89, 90], [89, 92], [92, 93], [92, 97], [97, 98], [124, 125], [124, 127], [129, 131], [129, 136], [145, -144], [145, 146], [151, -150], [151, 152], [163, 164], [163, 166], [166, 167], [166, 169], [169, -143], [186, -1]], "missing_branches": [[34, -27], [59, 60], [81, 82], [81, 84], [86, 87], [97, 102], [102, 103], [102, 107], [157, -156], [157, 158], [169, 170], [186, 188]]}}, "totals": {"covered_lines": 103, "num_statements": 135, "percent_covered": 76.71957671957672, "percent_covered_display": "77", "missing_lines": 32, "excluded_lines": 0, "num_branches": 54, "num_partial_branches": 6, "covered_branches": 42, "missing_branches": 12}}