"TargetModule","Coverage"
"linkedList1","0.9655172413793104"
"linkedList1","0.9482758620689655"
"linkedList1","0.9310344827586207"
"linkedList1","0.9482758620689655"
"linkedList1","0.6896551724137931"
