"TargetModule","Coverage"
"stack3","0.8823529411764706"
"stack3","0.8823529411764706"
"stack3","0.8823529411764706"
"stack3","0.8823529411764706"
"stack3","0.8823529411764706"
