{"meta": {"version": "7.2.1", "timestamp": "2023-03-09T12:03:26.464418", "branch_coverage": true, "show_contexts": false}, "files": {"linkedList4.py": {"executed_lines": [1, 4, 5, 10, 12, 13, 16, 17, 30, 32, 33, 34, 35, 36, 37, 38, 39, 41, 43, 44, 45, 47, 49, 50, 51, 52, 53, 54, 56, 58, 60, 62, 63, 64, 65, 66, 68, 70, 71, 72, 73, 74, 75, 78, 80, 82, 83, 84, 85, 86, 87], "summary": {"covered_lines": 48, "num_statements": 50, "percent_covered": 95.58823529411765, "percent_covered_display": "96", "missing_lines": 2, "excluded_lines": 0, "num_branches": 18, "num_partial_branches": 1, "covered_branches": 17, "missing_branches": 1}, "missing_lines": [76, 77], "excluded_lines": [], "executed_branches": [[35, -30], [35, 36], [35, 37], [38, -30], [38, 39], [49, 50], [49, 51], [63, -60], [63, 64], [64, 65], [64, 66], [71, 72], [71, 74], [74, -68], [74, 75], [75, 78], [84, 85], [84, 87]], "missing_branches": [[75, 76]]}}, "totals": {"covered_lines": 48, "num_statements": 50, "percent_covered": 95.58823529411765, "percent_covered_display": "96", "missing_lines": 2, "excluded_lines": 0, "num_branches": 18, "num_partial_branches": 1, "covered_branches": 17, "missing_branches": 1}}