{"meta": {"version": "7.2.1", "timestamp": "2023-03-09T11:56:55.806395", "branch_coverage": true, "show_contexts": false}, "files": {"queue4.py": {"executed_lines": [1, 4, 5, 7, 9, 10, 11, 13, 15, 18, 19, 30, 32, 33, 34, 35, 36, 37, 38, 39, 40, 42, 44, 45, 46, 47, 48, 49, 50, 52, 54, 55, 58, 59, 60, 61, 62, 63, 64, 65, 67, 69, 70, 71, 72, 73, 74, 75, 77, 79, 80, 81, 83, 84, 85, 86, 87, 88, 89, 90, 92, 94, 95, 96, 97, 98, 99, 100, 101, 102, 103, 104, 105, 106, 107, 109, 111, 123, 124, 135, 137, 139, 141, 143, 147, 149, 150, 151, 152, 154, 156], "summary": {"covered_lines": 87, "num_statements": 97, "percent_covered": 90.97744360902256, "percent_covered_display": "91", "missing_lines": 10, "excluded_lines": 0, "num_branches": 36, "num_partial_branches": 2, "covered_branches": 34, "missing_branches": 2}, "missing_lines": [56, 113, 114, 115, 116, 117, 118, 119, 120, 145], "excluded_lines": [], "executed_branches": [[36, -30], [36, 37], [36, 38], [39, -30], [39, 40], [46, 47], [46, 48], [48, 49], [48, 50], [55, 58], [59, 60], [59, 61], [63, 64], [63, 65], [71, 72], [71, 73], [73, 74], [73, 75], [80, 81], [80, 83], [84, 85], [84, 86], [88, 89], [88, 90], [95, 96], [95, 109], [96, 97], [96, 107], [97, 98], [97, 99], [99, 100], [99, 101], [101, 102], [101, 103], [103, 104]], "missing_branches": [[55, 56], [103, 105]]}}, "totals": {"covered_lines": 87, "num_statements": 97, "percent_covered": 90.97744360902256, "percent_covered_display": "91", "missing_lines": 10, "excluded_lines": 0, "num_branches": 36, "num_partial_branches": 2, "covered_branches": 34, "missing_branches": 2}}