{"meta": {"version": "7.2.1", "timestamp": "2023-03-09T11:54:51.693795", "branch_coverage": true, "show_contexts": false}, "files": {"queue3.py": {"executed_lines": [1, 3, 5, 7, 8, 9, 10, 11, 14, 15, 16, 17, 18, 19, 21, 25, 26, 27, 28, 29, 30, 32, 33, 34, 35, 36, 37, 38, 40, 44, 45, 46, 47, 48, 49, 51, 52, 53, 54, 55, 57, 61, 62, 63, 64, 65, 66, 67, 68, 70, 71, 72, 73, 74, 75, 76, 77, 79, 83, 84, 85, 86, 87, 88, 89, 90, 91, 92, 94, 95, 96, 97, 98, 99, 100, 102, 106, 108, 112, 113, 115, 117, 121, 123, 127, 129, 133, 135, 139, 140, 141, 142, 143, 144, 146, 147, 148, 150, 154, 156, 160, 162, 166, 168, 172, 174, 178, 180, 184, 186, 190, 193], "summary": {"covered_lines": 111, "num_statements": 112, "percent_covered": 98.46153846153847, "percent_covered_display": "98", "missing_lines": 1, "excluded_lines": 0, "num_branches": 18, "num_partial_branches": 1, "covered_branches": 17, "missing_branches": 1}, "missing_lines": [194], "excluded_lines": [], "executed_branches": [[25, 26], [25, 32], [44, 45], [44, 51], [61, 62], [61, 63], [63, 64], [63, 70], [83, 84], [83, 85], [85, 86], [85, 94], [112, 113], [112, 115], [141, 142], [141, 144], [193, -1]], "missing_branches": [[193, 194]]}}, "totals": {"covered_lines": 111, "num_statements": 112, "percent_covered": 98.46153846153847, "percent_covered_display": "98", "missing_lines": 1, "excluded_lines": 0, "num_branches": 18, "num_partial_branches": 1, "covered_branches": 17, "missing_branches": 1}}