{"meta": {"version": "7.2.1", "timestamp": "2023-03-09T11:55:20.220784", "branch_coverage": true, "show_contexts": false}, "files": {"sort1.py": {"executed_lines": [1, 7, 8, 9, 13, 14, 15, 17, 20, 21, 23, 24, 28, 29, 30, 31, 33, 34, 36, 37, 39, 40, 44, 45, 47, 48, 50, 53, 55, 56, 60, 61, 62, 64, 65, 66, 68, 69, 71, 72, 73, 74, 75, 77, 78, 82, 83, 85, 86, 88, 89, 90, 91, 92, 95, 96], "summary": {"covered_lines": 55, "num_statements": 58, "percent_covered": 94.04761904761905, "percent_covered_display": "94", "missing_lines": 3, "excluded_lines": 0, "num_branches": 26, "num_partial_branches": 2, "covered_branches": 24, "missing_branches": 2}, "missing_lines": [18, 93, 94], "excluded_lines": [], "executed_branches": [[13, 14], [13, 21], [15, 17], [15, 20], [17, 15], [28, 29], [28, 37], [31, 33], [31, 36], [47, 48], [47, 50], [62, 64], [62, 71], [64, 65], [64, 68], [71, 72], [71, 73], [73, 74], [73, 75], [82, -77], [82, 83], [91, 92], [91, 95], [92, 91]], "missing_branches": [[17, 18], [92, 93]]}}, "totals": {"covered_lines": 55, "num_statements": 58, "percent_covered": 94.04761904761905, "percent_covered_display": "94", "missing_lines": 3, "excluded_lines": 0, "num_branches": 26, "num_partial_branches": 2, "covered_branches": 24, "missing_branches": 2}}