{"meta": {"version": "7.2.1", "timestamp": "2023-03-09T12:08:41.532986", "branch_coverage": true, "show_contexts": false}, "files": {"binarySearchTree1.py": {"executed_lines": [1, 6, 8, 10, 11, 12, 14, 18, 19, 20, 21, 23, 25, 26, 28, 29, 31, 35, 36, 37, 38, 40, 41, 43, 44, 47, 48, 49, 51, 53, 56, 57, 58, 60, 62, 63, 64, 65, 66, 67, 68, 70, 82, 84, 86, 88, 90, 91, 93, 95, 97, 100, 102, 103, 104, 105, 106, 107, 109, 111, 112, 113, 114, 116, 118, 120, 121, 122, 123, 124, 127, 129, 131, 136, 137, 139, 140, 141, 142, 145, 146, 147, 148, 150, 152, 154, 156, 160, 161, 162, 165], "summary": {"covered_lines": 90, "num_statements": 106, "percent_covered": 79.76190476190476, "percent_covered_display": "80", "missing_lines": 16, "excluded_lines": 0, "num_branches": 62, "num_partial_branches": 8, "covered_branches": 44, "missing_branches": 18}, "missing_lines": [45, 72, 73, 74, 76, 78, 79, 80, 98, 115, 125, 143, 144, 157, 158, 163], "excluded_lines": [], "executed_branches": [[18, 19], [18, 20], [20, 21], [25, 26], [25, 28], [35, 36], [35, 37], [37, 38], [37, 40], [40, 41], [40, 43], [44, 47], [56, 57], [56, 58], [64, 65], [64, 66], [66, 67], [66, 68], [90, 91], [90, 93], [97, -95], [102, 103], [102, 104], [105, 106], [105, 107], [111, 112], [111, 113], [114, 116], [121, 122], [121, 129], [122, 123], [122, 124], [124, 127], [136, 137], [136, 139], [141, 142], [141, 152], [142, 145], [145, 146], [145, 147], [147, 148], [147, 150], [156, -154], [161, 162]], "missing_branches": [[20, -14], [44, 45], [72, 73], [72, 76], [73, 74], [73, 76], [78, -70], [78, 79], [79, -70], [79, 80], [97, 98], [114, 115], [124, 125], [142, 143], [156, 157], [157, -154], [157, 158], [161, 163]]}}, "totals": {"covered_lines": 90, "num_statements": 106, "percent_covered": 79.76190476190476, "percent_covered_display": "80", "missing_lines": 16, "excluded_lines": 0, "num_branches": 62, "num_partial_branches": 8, "covered_branches": 44, "missing_branches": 18}}