{"meta": {"version": "7.2.1", "timestamp": "2023-03-09T11:58:53.232205", "branch_coverage": true, "show_contexts": false}, "files": {"binarySearchTree1.py": {"executed_lines": [1, 6, 8, 10, 11, 12, 14, 18, 19, 23, 25, 26, 28, 29, 31, 35, 37, 40, 41, 53, 56, 57, 58, 60, 62, 63, 64, 66, 68, 70, 82, 84, 86, 88, 90, 91, 95, 97, 98, 100, 102, 103, 104, 105, 107, 109, 111, 112, 113, 114, 116, 118, 120, 121, 129, 131, 136, 137, 154, 160, 161, 162, 163, 165], "summary": {"covered_lines": 63, "num_statements": 106, "percent_covered": 51.19047619047619, "percent_covered_display": "51", "missing_lines": 43, "excluded_lines": 0, "num_branches": 62, "num_partial_branches": 11, "covered_branches": 23, "missing_branches": 39}, "missing_lines": [20, 21, 36, 38, 43, 44, 45, 47, 48, 49, 51, 65, 67, 72, 73, 74, 76, 78, 79, 80, 93, 106, 115, 122, 123, 124, 125, 127, 139, 140, 141, 142, 143, 144, 145, 146, 147, 148, 150, 152, 156, 157, 158], "excluded_lines": [], "executed_branches": [[18, 19], [25, 26], [25, 28], [35, 37], [37, 40], [40, 41], [56, 57], [56, 58], [64, 66], [66, 68], [90, 91], [97, -95], [97, 98], [102, 103], [102, 104], [105, 107], [111, 112], [111, 113], [114, 116], [121, 129], [136, 137], [161, 162], [161, 163]], "missing_branches": [[18, 20], [20, -14], [20, 21], [35, 36], [37, 38], [40, 43], [44, 45], [44, 47], [64, 65], [66, 67], [72, 73], [72, 76], [73, 74], [73, 76], [78, -70], [78, 79], [79, -70], [79, 80], [90, 93], [105, 106], [114, 115], [121, 122], [122, 123], [122, 124], [124, 125], [124, 127], [136, 139], [141, 142], [141, 152], [142, 143], [142, 145], [145, 146], [145, 147], [147, 148], [147, 150], [156, -154], [156, 157], [157, -154], [157, 158]]}}, "totals": {"covered_lines": 63, "num_statements": 106, "percent_covered": 51.19047619047619, "percent_covered_display": "51", "missing_lines": 43, "excluded_lines": 0, "num_branches": 62, "num_partial_branches": 11, "covered_branches": 23, "missing_branches": 39}}