{"meta": {"version": "7.2.1", "timestamp": "2023-03-09T11:57:12.341914", "branch_coverage": true, "show_contexts": false}, "files": {"linkedList3.py": {"executed_lines": [1, 3, 6, 9, 10, 11, 12, 15, 16, 17, 18, 19, 21, 25, 26, 27, 28, 29, 31, 32, 33, 34, 36, 40, 41, 42, 43, 44, 45, 46, 47, 55, 59, 61, 65, 67, 71, 73, 77, 79, 83, 84, 85, 86, 87, 88, 90, 94, 95, 96, 97, 98, 99, 102], "summary": {"covered_lines": 53, "num_statements": 59, "percent_covered": 88.73239436619718, "percent_covered_display": "89", "missing_lines": 6, "excluded_lines": 0, "num_branches": 12, "num_partial_branches": 2, "covered_branches": 10, "missing_branches": 2}, "missing_lines": [49, 50, 51, 52, 53, 103], "excluded_lines": [], "executed_branches": [[26, 27], [26, 31], [40, 41], [40, 42], [42, 43], [85, 86], [85, 88], [96, 97], [96, 99], [102, -1]], "missing_branches": [[42, 49], [102, 103]]}}, "totals": {"covered_lines": 53, "num_statements": 59, "percent_covered": 88.73239436619718, "percent_covered_display": "89", "missing_lines": 6, "excluded_lines": 0, "num_branches": 12, "num_partial_branches": 2, "covered_branches": 10, "missing_branches": 2}}