{"meta": {"version": "7.2.1", "timestamp": "2023-03-09T12:07:49.659415", "branch_coverage": true, "show_contexts": false}, "files": {"stack1.py": {"executed_lines": [1, 6, 7, 8, 9, 11, 12, 14, 15, 16, 19, 20, 23, 24, 26, 28, 29, 30, 32, 34, 35, 36, 38, 39, 40, 42, 44, 45, 46, 47, 48, 50, 51, 53, 55, 57, 58, 61, 62, 63, 69, 70, 72, 73, 76, 78, 93, 94, 102, 104, 106, 121, 123, 126, 127], "summary": {"covered_lines": 53, "num_statements": 66, "percent_covered": 77.77777777777777, "percent_covered_display": "78", "missing_lines": 13, "excluded_lines": 0, "num_branches": 24, "num_partial_branches": 3, "covered_branches": 17, "missing_branches": 7}, "missing_lines": [66, 67, 107, 109, 110, 113, 114, 117, 118, 124, 130, 131, 133], "excluded_lines": [], "executed_branches": [[15, 16], [15, 19], [29, 30], [29, 32], [39, 40], [39, 42], [55, 57], [55, 72], [57, 58], [57, 61], [61, 55], [61, 62], [72, 73], [72, 76], [94, 94], [94, 102], [104, 106], [106, 121]], "missing_branches": [[66, 55], [66, 67], [94, -94], [104, 130], [106, 107], [130, 131], [130, 133]]}}, "totals": {"covered_lines": 53, "num_statements": 66, "percent_covered": 77.77777777777777, "percent_covered_display": "78", "missing_lines": 13, "excluded_lines": 0, "num_branches": 24, "num_partial_branches": 3, "covered_branches": 17, "missing_branches": 7}}