"TargetModule","Coverage"
"binarySearchTree3","0.7696969696969697"
"binarySearchTree3","0.7454545454545455"
"binarySearchTree3","0.7090909090909091"
"binarySearchTree3","0.7212121212121212"
"binarySearchTree3","0.47878787878787876"
"binarySearchTree3","0.19393939393939394"
"binarySearchTree3","0.47878787878787876"
