{"meta": {"version": "7.2.1", "timestamp": "2023-03-09T11:55:59.302611", "branch_coverage": true, "show_contexts": false}, "files": {"linkedList1.py": {"executed_lines": [1, 6, 7, 9, 10, 11, 12, 14, 15, 17, 18, 20, 21, 22, 23, 24, 25, 26, 27, 29, 34, 35, 36, 38, 39, 40, 41, 43, 44, 45, 47, 48, 49, 50, 52, 53, 54, 56, 57, 58, 60, 65, 66, 67, 69, 71, 72, 75, 78, 80, 83, 84, 85, 86, 89, 90, 92, 94, 95, 96, 98, 99, 100, 102, 107, 108, 109, 111, 113, 114, 117, 118, 119, 120, 122, 123, 124, 125, 126, 127, 130, 132, 134, 138, 139, 144, 145, 146, 147, 150, 151, 152, 156, 157, 162, 163, 168, 169, 171, 174, 175, 177, 178, 180], "summary": {"covered_lines": 103, "num_statements": 111, "percent_covered": 93.95973154362416, "percent_covered_display": "94", "missing_lines": 8, "excluded_lines": 0, "num_branches": 38, "num_partial_branches": 1, "covered_branches": 37, "missing_branches": 1}, "missing_lines": [181, 182, 183, 184, 186, 187, 188, 189], "excluded_lines": [], "executed_branches": [[21, 22], [21, 27], [23, 24], [23, 27], [24, 25], [24, 26], [35, 36], [35, 38], [39, 40], [39, 41], [44, 45], [44, 47], [48, 49], [48, 50], [53, 54], [53, 56], [65, 66], [65, 69], [71, 72], [71, 75], [95, 96], [95, 98], [107, 108], [107, 111], [113, 114], [113, 117], [123, 124], [123, 125], [125, 126], [125, 130], [130, 132], [130, 134], [134, 138], [134, 150], [151, 152], [151, 156], [180, -1]], "missing_branches": [[180, 181]]}}, "totals": {"covered_lines": 103, "num_statements": 111, "percent_covered": 93.95973154362416, "percent_covered_display": "94", "missing_lines": 8, "excluded_lines": 0, "num_branches": 38, "num_partial_branches": 1, "covered_branches": 37, "missing_branches": 1}}