{"meta": {"version": "7.2.1", "timestamp": "2023-03-09T12:08:53.096114", "branch_coverage": true, "show_contexts": false}, "files": {"queue2.py": {"executed_lines": [1, 6, 7, 9, 10, 12, 14, 15, 16, 24, 25, 27, 28, 29, 31, 33, 35, 37, 38, 39, 40, 41, 43, 45, 46, 47, 48, 49, 50, 53, 54, 55, 57, 59, 60, 61, 62, 64, 66, 67, 69, 71, 73, 74, 75, 76, 77, 78, 80, 81, 83, 84, 85, 88, 90, 91, 92, 94, 95, 97, 99, 101, 103, 104, 105, 106, 107, 108, 109, 111, 113, 114, 115, 116, 118, 120, 121, 123, 125, 127, 128, 129, 130, 131, 132], "summary": {"covered_lines": 84, "num_statements": 90, "percent_covered": 90.47619047619048, "percent_covered_display": "90", "missing_lines": 6, "excluded_lines": 0, "num_branches": 36, "num_partial_branches": 4, "covered_branches": 30, "missing_branches": 6}, "missing_lines": [18, 19, 21, 22, 52, 86], "excluded_lines": [], "executed_branches": [[15, 16], [16, -12], [28, -25], [28, 29], [37, 38], [37, 39], [47, 48], [47, 55], [48, 49], [48, 54], [49, 50], [60, -57], [60, 61], [66, 67], [66, 69], [75, 76], [75, 78], [85, -81], [91, 92], [91, 94], [103, 104], [103, 105], [107, 108], [107, 109], [114, -111], [114, 115], [120, 121], [120, 123], [129, 130], [129, 132]], "missing_branches": [[15, 22], [16, 18], [21, -12], [21, 15], [49, 52], [85, 86]]}}, "totals": {"covered_lines": 84, "num_statements": 90, "percent_covered": 90.47619047619048, "percent_covered_display": "90", "missing_lines": 6, "excluded_lines": 0, "num_branches": 36, "num_partial_branches": 4, "covered_branches": 30, "missing_branches": 6}}