"TargetModule","Coverage"
"queue5","0.8666666666666667"
"queue5","0.8666666666666667"
"queue5","0.8666666666666667"
"queue5","0.8666666666666667"
"queue5","0.8666666666666667"
