{"meta": {"version": "7.2.1", "timestamp": "2023-03-09T12:08:43.838926", "branch_coverage": true, "show_contexts": false}, "files": {"binarySearchTree3.py": {"executed_lines": [1, 3, 4, 6, 8, 9, 10, 12, 14, 17, 18, 29, 31, 32, 33, 34, 35, 36, 37, 38, 39, 41, 43, 44, 45, 46, 47, 48, 49, 51, 53, 54, 55, 57, 58, 59, 60, 61, 62, 63, 64, 66, 68, 69, 70, 71, 72, 73, 74, 76, 78, 79, 80, 82, 83, 84, 85, 86, 87, 88, 89, 91, 93, 94, 95, 96, 97, 98, 100, 102, 103, 104, 105, 106, 108, 110, 121, 122, 133, 135, 137, 139, 141, 143, 145, 147, 148, 149, 150, 152, 154, 156, 157, 159, 161, 162, 163, 164, 165, 167, 169, 171, 175, 182, 188, 189, 228, 230, 231, 233, 234, 235, 237, 239, 240, 241, 243, 245, 247, 248, 249, 250, 251, 253, 255, 256, 257, 258, 259, 261, 262, 263, 264, 265, 267, 269, 270, 271, 272, 273, 274, 278, 280, 282, 284, 286, 288, 290, 298, 299, 300, 301, 303, 304, 306, 308, 310, 311, 313, 314, 316, 318, 320, 323, 325, 326, 328, 329, 331, 332, 333, 334, 335, 337, 339, 340, 342, 343, 345, 347, 349, 351, 353, 354, 355, 356, 357, 358, 360, 363, 365, 366, 368, 370, 371, 374, 390, 392, 406], "summary": {"covered_lines": 193, "num_statements": 240, "percent_covered": 78.08988764044943, "percent_covered_display": "78", "missing_lines": 47, "excluded_lines": 0, "num_branches": 116, "num_partial_branches": 13, "covered_branches": 85, "missing_branches": 31}, "missing_lines": [99, 101, 112, 113, 114, 115, 116, 117, 118, 119, 173, 177, 178, 179, 180, 184, 185, 276, 319, 321, 346, 348, 359, 361, 372, 376, 377, 378, 379, 380, 383, 384, 385, 386, 388, 394, 395, 397, 398, 399, 401, 402, 403, 404, 408, 409, 410], "excluded_lines": [], "executed_branches": [[35, -29], [35, 36], [35, 37], [38, -29], [38, 39], [45, 46], [45, 47], [47, 48], [47, 49], [54, 55], [54, 57], [58, 59], [58, 60], [62, 63], [62, 64], [70, 71], [70, 72], [72, 73], [72, 74], [79, 80], [79, 82], [83, 84], [83, 85], [87, 88], [87, 89], [94, 95], [94, 108], [95, 96], [95, 106], [96, 97], [96, 98], [98, 100], [100, 102], [102, 103], [233, -228], [233, 234], [234, -228], [234, 235], [239, 240], [239, 243], [247, 248], [247, 249], [249, 250], [249, 251], [256, 257], [256, 261], [258, 259], [258, 265], [263, 264], [263, 265], [270, -267], [270, 271], [271, 272], [271, 273], [273, 274], [298, 299], [300, 301], [300, 303], [310, 311], [310, 313], [313, 314], [313, 316], [318, 320], [320, -308], [325, 326], [325, 328], [328, 329], [328, 331], [331, 332], [331, 333], [334, -323], [334, 335], [339, 340], [339, 342], [342, 343], [342, 345], [345, 347], [347, 349], [355, -351], [355, 356], [358, 360], [360, 355], [365, 366], [365, 368], [370, 371], [371, 374]], "missing_branches": [[98, 99], [100, 101], [102, 104], [177, 178], [177, 179], [179, -175], [179, 180], [184, -182], [184, 185], [273, 276], [298, 303], [318, 319], [320, 321], [345, 346], [347, 348], [358, 359], [360, 361], [370, 376], [371, 372], [376, 377], [376, 383], [384, 385], [384, 388], [394, 395], [394, 397], [397, -392], [397, 398], [398, 399], [398, 401], [408, 409], [408, 410]]}}, "totals": {"covered_lines": 193, "num_statements": 240, "percent_covered": 78.08988764044943, "percent_covered_display": "78", "missing_lines": 47, "excluded_lines": 0, "num_branches": 116, "num_partial_branches": 13, "covered_branches": 85, "missing_branches": 31}}