"TargetModule","Coverage"
"queue3","0.9736842105263158"
"queue3","0.9736842105263158"
"queue3","0.9736842105263158"
"queue3","0.9736842105263158"
"queue3","0.9210526315789473"
