{"meta": {"version": "7.2.1", "timestamp": "2023-03-09T12:08:47.823111", "branch_coverage": true, "show_contexts": false}, "files": {"linkedList2.py": {"executed_lines": [1, 6, 7, 9, 10, 12, 14, 15, 16, 18, 19, 21, 22, 24, 25, 27, 28, 29, 31, 33, 35, 37, 38, 39, 40, 41, 43, 45, 46, 47, 48, 49, 50, 53, 54, 55, 57, 59, 60, 61, 62, 64, 66, 67, 69, 71, 73, 74, 75, 76, 77, 78], "summary": {"covered_lines": 51, "num_statements": 52, "percent_covered": 95.94594594594595, "percent_covered_display": "96", "missing_lines": 1, "excluded_lines": 0, "num_branches": 22, "num_partial_branches": 2, "covered_branches": 20, "missing_branches": 2}, "missing_lines": [52], "excluded_lines": [], "executed_branches": [[15, 16], [15, 22], [16, -12], [16, 18], [21, 15], [28, -25], [28, 29], [37, 38], [37, 39], [47, 48], [47, 55], [48, 49], [48, 54], [49, 50], [60, -57], [60, 61], [66, 67], [66, 69], [75, 76], [75, 78]], "missing_branches": [[21, -12], [49, 52]]}}, "totals": {"covered_lines": 51, "num_statements": 52, "percent_covered": 95.94594594594595, "percent_covered_display": "96", "missing_lines": 1, "excluded_lines": 0, "num_branches": 22, "num_partial_branches": 2, "covered_branches": 20, "missing_branches": 2}}