{"meta": {"version": "7.2.1", "timestamp": "2023-03-09T11:56:13.972305", "branch_coverage": true, "show_contexts": false}, "files": {"stack3.py": {"executed_lines": [1, 3, 5, 7, 8, 9, 10, 13, 14, 15, 16, 17, 19, 23, 24, 25, 26, 27, 29, 30, 31, 32, 34, 38, 39, 40, 41, 42, 43, 44, 45, 53, 57, 59, 63, 65, 69, 71, 75, 77, 81, 82, 83, 84, 85, 86, 88, 92, 93, 94, 95, 96, 97, 99, 100, 101, 103, 107, 109, 113, 115, 119, 121, 125, 127, 131, 133, 137, 140], "summary": {"covered_lines": 68, "num_statements": 74, "percent_covered": 90.69767441860465, "percent_covered_display": "91", "missing_lines": 6, "excluded_lines": 0, "num_branches": 12, "num_partial_branches": 2, "covered_branches": 10, "missing_branches": 2}, "missing_lines": [47, 48, 49, 50, 51, 141], "excluded_lines": [], "executed_branches": [[24, 25], [24, 29], [38, 39], [38, 40], [40, 41], [83, 84], [83, 86], [94, 95], [94, 97], [140, -1]], "missing_branches": [[40, 47], [140, 141]]}}, "totals": {"covered_lines": 68, "num_statements": 74, "percent_covered": 90.69767441860465, "percent_covered_display": "91", "missing_lines": 6, "excluded_lines": 0, "num_branches": 12, "num_partial_branches": 2, "covered_branches": 10, "missing_branches": 2}}