{"meta": {"version": "7.2.1", "timestamp": "2023-03-09T11:57:25.992788", "branch_coverage": true, "show_contexts": false}, "files": {"stack4.py": {"executed_lines": [1, 3, 4, 9, 11, 12, 15, 16, 29, 31, 32, 33, 34, 35, 36, 37, 38, 40, 42, 43, 44, 46, 48, 50, 51, 52, 53, 55, 57, 59, 61, 62, 63, 64, 65, 67, 69, 70, 71, 72, 73, 74, 75, 76, 77, 79, 81, 82, 83, 84, 85, 86, 89, 90, 101, 103, 105, 107, 109, 111], "summary": {"covered_lines": 56, "num_statements": 57, "percent_covered": 97.33333333333333, "percent_covered_display": "97", "missing_lines": 1, "excluded_lines": 0, "num_branches": 18, "num_partial_branches": 1, "covered_branches": 17, "missing_branches": 1}, "missing_lines": [49], "excluded_lines": [], "executed_branches": [[34, -29], [34, 35], [34, 36], [37, -29], [37, 38], [48, 50], [62, -59], [62, 63], [63, 64], [63, 65], [70, 71], [70, 73], [73, -67], [73, 74], [74, 75], [74, 77], [83, 84], [83, 86]], "missing_branches": [[48, 49]]}}, "totals": {"covered_lines": 56, "num_statements": 57, "percent_covered": 97.33333333333333, "percent_covered_display": "97", "missing_lines": 1, "excluded_lines": 0, "num_branches": 18, "num_partial_branches": 1, "covered_branches": 17, "missing_branches": 1}}